slug,name,status,detail
tmnt-shredders-revenge,Teenage Mutant Ninja Turtles: Shredder's Revenge,no_igdb_match,
capcom-beat-em-up-bundle,Capcom Beat 'Em Up Bundle,no_igdb_match,
double-dragon-gaiden-rise-of-the-dragons,Double Dragon Gaiden: Rise of the Dragons,no_igdb_match,
fightn-rage,Fight'N Rage,no_igdb_match,
river-city-ransom-underground,River City Ransom: Underground,no_igdb_match,
scott-pilgrim-vs-the-world-the-game-complete-edition,Scott Pilgrim vs. The World: The Game - Complete Edition,no_igdb_match,
anno-1404-dawn-of-discovery,Anno 1404 (Dawn of Discovery),ok,"igdb_id=662 (Dawn of Discovery), src_res=1728x1080"
banished,Banished,ok,"igdb_id=2002 (Banished), src_res=1280x1024"
caesar-online,Caesar Online,no_igdb_match,
caesars-iii,Caesars III,ok,"igdb_id=6332 (Caesar III), src_res=1024x768"
city-builder-2,City Builder 2,no_igdb_match,
citylife-2008,Citylife 2008,no_igdb_match,
imagine-city-builder,Imagine City Builder,no_igdb_match,
simcity-4,SimCity 4,ok,"igdb_id=1275 (SimCity 4), src_res=1920x1080"
timberborn,Timberborn,ok,"igdb_id=126381 (Timberborn), src_res=1920x1080"
tropico-paradise-island,Tropico: Paradise Island,ok,"igdb_id=11029 (Tropico: Paradise Island), src_res=780x624"
tycoon-city-london,Tycoon City: London,no_igdb_match,
virtual-city-empire,Virtual City Empire,no_igdb_match,
zeus-master-of-olympus,Zeus: Master of Olympus,ok,"igdb_id=958 (Zeus: Master of Olympus), src_res=1024x768"
tropico,Tropico,no_screenshots,matched_igdb_id=293374 (Tropico)
against-the-storm,Against the Storm,no_screenshots,matched_igdb_id=115538 (The Demon Crystal 3: Dark Storm)
cities-skylines,Cities: Skylines,ok,"igdb_id=9066 (Cities: Skylines), src_res=1920x1080"
civilization-vi,Civilization VI,no_screenshots,matched_igdb_id=341802 (Sid Meier's Civilization VI: Aztec Civilization Pack)
islanders,Islanders,ok,"igdb_id=62 (The Curse of Monkey Island), src_res=640x480"
northgard,Northgard,ok,"igdb_id=18918 (Northgard), src_res=1920x1080"
half-life,Half-Life,no_screenshots,matched_igdb_id=320851 (Half-Life 2: Survivor)
call-of-duty-4-modern-warfare,Call of Duty 4: Modern Warfare,ok,"igdb_id=134651 (Call of Duty 4: Modern Warfare), src_res=500x376"
call-of-duty-modern-warfare-2,Call of Duty: Modern Warfare 2,ok,"igdb_id=559 (Call of Duty: Modern Warfare 2), src_res=1919x1080"
daikatana,Daikatana,ok,"igdb_id=361416 (Daikatana), src_res=1440x1080"
et-the-extra-terrestrial,E.T. the Extra-Terrestrial,no_screenshots,matched_igdb_id=6706 (E.T. the Extra-Terrestrial)
half-life-2,Half-Life 2,ok,"igdb_id=233 (Half-Life 2), src_res=1024x640"
half-life-2-episode-1,Half-Life 2: Episode 1,ok,"igdb_id=338 (Half-Life 2: Episode One), src_res=1024x576"
quake-iii-arena,Quake III Arena,ok,"igdb_id=355 (Quake III Arena), src_res=1280x1024"
shadowrun-2007,Shadowrun 2007,ok,"igdb_id=7643 (Shadowrun), src_res=800x535"
superman-64,Superman 64,ok,"igdb_id=3005 (Superman: The New Superman Adventures), src_res=1024x768"
unreal-tournament-2004,Unreal Tournament 2004,ok,"igdb_id=927 (Unreal Tournament 2004), src_res=800x600"
aliens-colonial-marines,Aliens: Colonial Marines,ok,"igdb_id=1021 (Aliens: Colonial Marines), src_res=1868x1052"
bioshock-infinite,BioShock Infinite,ok,"igdb_id=538 (BioShock Infinite), src_res=1280x1024"
blacklight-retribution,Blacklight: Retribution,ok,"igdb_id=2118 (Blacklight: Retribution), src_res=1920x1080"
brink,Brink,ok,"igdb_id=502 (Brink), src_res=1920x1080"
anthem,Anthem,ok,"igdb_id=36950 (Anthem), src_res=1920x1080"
concord,Concord,ok,"igdb_id=250632 (Concord), src_res=1920x1080"
half-life-alyx,Half-Life: Alyx,ok,"igdb_id=126098 (Half-Life: Alyx), src_res=1920x1080"
star-wars-battlefront-2015,Star Wars Battlefront 2015,no_igdb_match,
city-life-2006-version,City Life (2006 Version),no_igdb_match,
dwarf-fortress,Dwarf Fortress,ok,"igdb_id=6341 (Dwarf Fortress), src_res=901x675"
offworld-trading-company,Offworld Trading Company,ok,"igdb_id=10637 (Offworld Trading Company), src_res=1024x768"
rollercoaster-tycoon,Rollercoaster Tycoon,ok,"igdb_id=254 (RollerCoaster Tycoon), src_res=1024x768"
theme-hospital,Theme Hospital,ok,"igdb_id=216009 (Theme Hospital), src_res=640x480"
tycoon-city-new-york,Tycoon City: New York,ok,"igdb_id=9439 (Tycoon City: New York), src_res=640x480"
aven-colony,Aven Colony,ok,"igdb_id=23212 (Aven Colony), src_res=2560x1440"
farming-simulator-22,Farming Simulator 22,ok,"igdb_id=146112 (Farming Simulator 22), src_res=2560x1440"
planet-coaster,Planet Coaster,ok,"igdb_id=18829 (Planet Coaster), src_res=1920x1080"
tropico-6,Tropico 6,ok,"igdb_id=36649 (Tropico 6), src_res=3840x2160"
two-point-hospital,Two Point Hospital,ok,"igdb_id=82117 (Two Point Hospital), src_res=1920x1080"
startopia,Startopia,ok,"igdb_id=8471 (Startopia), src_res=1440x900"
castlevania-ii-simons-quest,Castlevania II: Simon's Quest,ok,"igdb_id=1116 (Castlevania II: Simon's Quest), src_res=700x613"
faxanadu,Faxanadu,ok,"igdb_id=1974 (Faxanadu), src_res=512x447"
hyper-princess-pitch,Hyper Princess Pitch,no_screenshots,matched_igdb_id=79745 (Hyper Princess Pitch)
whip-rush,Whip Rush,no_screenshots,matched_igdb_id=28039 (Whip Rush)
wonder-boy-in-monster-land,Wonder Boy in Monster Land,no_screenshots,matched_igdb_id=212868 (Wonder Boy in Monster Land)
hollow-knight-silksong,Hollow Knight Silksong,no_screenshots,matched_igdb_id=372563 (Hollow Knight Silksong)
blockade-runner,Blockade Runner,ok,"igdb_id=397236 (Blockade Runner), src_res=1920x1078"
catacomb-kids,Catacomb Kids,ok,"igdb_id=17692 (Catacomb Kids), src_res=1854x1040"
dune-strategist,Dune Strategist,no_igdb_match,
gearz,Gearz,ok,"igdb_id=71763 (Gearz), src_res=1170x580"
pipe-dreams-online,Pipe Dreams Online,no_igdb_match,
puzzle-putts,Puzzle Putts,ok,"igdb_id=197246 (Puzzle Putt), src_res=576x768"
specter,Specter,ok,"igdb_id=164046 (Specters), src_res=2560x1440"
the-incredible-machine,The Incredible Machine,ok,"igdb_id=4243 (The Incredible Machine), src_res=850x580"
mini-metro,Mini Metro,ok,"igdb_id=7767 (Mini Metro), src_res=1920x1080"
mini-motorways,Mini Motorways,ok,"igdb_id=122559 (Mini Motorways), src_res=1920x1080"
aqua-racer,Aqua Racer,ok,"igdb_id=293247 (Aqua Racer), src_res=1920x1080"
atari-2600-indy-500,Atari 2600 Indy 500,no_igdb_match,
big-rigs-over-road-racing,Big Rigs: Over Road Racing,ok,"igdb_id=7557 (Big Rigs: Over the Road Racing), src_res=800x600"
derby-owners-club,Derby Owners Club,no_screenshots,matched_igdb_id=140282 (Derby Owners Club)
gear-up,Gear Up,ok,"igdb_id=264825 (Guilty Gear: Strive - Guilty Gear 25th Anniversary: Special Additional Color Pack), src_res=1920x1080"
rennin-renees,Rennin' Renees,no_igdb_match,
south-park-rally,South Park Rally,ok,"igdb_id=1259 (South Park Rally), src_res=1280x1024"
street-racer,Street Racer,no_screenshots,matched_igdb_id=49118 (Street Racer)
turbo-cup,Turbo Cup,no_screenshots,matched_igdb_id=72328 (Turbo Cup)
big-rigs-the-yellow-cab,Big Rigs: The Yellow Cab,no_igdb_match,
chaos-wars,Chaos Wars,ok,"igdb_id=21051 (Chaos Wars), src_res=570x427"
dragonball-online,Dragonball Online,no_igdb_match,
ride-of-war,Ride of War,no_igdb_match,
too-human,Too Human,ok,"igdb_id=217001 (Human Error), src_res=1280x1024"
ultima-ix-ascension,Ultima IX: Ascension,ok,"igdb_id=7083 (Ultima IX: Ascension), src_res=1024x768"
fable-legends,Fable Legends,ok,"igdb_id=5624 (Fable Legends), src_res=1200x675"
battle-realms,Battle Realms,ok,"igdb_id=606 (Battle Realms), src_res=1024x768"
command--conquer-red-alert-2,Command & Conquer: Red Alert 2,ok,"igdb_id=245 (Command & Conquer: Red Alert 2), src_res=1024x768"
company-of-heroes-2,Company of Heroes 2,ok,"igdb_id=1369 (Company of Heroes 2), src_res=1920x1080"
dawn-of-war-ii,Dawn of War II,no_screenshots,"matched_igdb_id=256205 (Warhammer 40,000: Dawn of War II + Dawn of War II: Chaos Rising)"
dune-2000,Dune 2000,ok,"igdb_id=87 (Dune 2000), src_res=640x401"
empire-earth-ii,Empire Earth II,ok,"igdb_id=1608 (Empire Earth II), src_res=800x600"
knights--merchants,Knights & Merchants,ok,"igdb_id=10490 (Knights and Merchants: The Peasants Rebellion), src_res=1280x720"
machines,Machines,ok,"igdb_id=22821 (Machines), src_res=800x600"
real-war,Real War,no_screenshots,matched_igdb_id=27595 (Real War)
shattered-galaxy,Shattered Galaxy,no_screenshots,matched_igdb_id=73258 (Shattered Galaxy)
starcraft-ii-wings-of-liberty,StarCraft II: Wings of Liberty,ok,"igdb_id=239 (StarCraft II: Wings of Liberty), src_res=1600x1200"
starcraft-brood-war,StarCraft: Brood War,ok,"igdb_id=456 (StarCraft: Brood War), src_res=640x480"
supreme-commander,Supreme Commander,ok,"igdb_id=276 (Supreme Commander), src_res=1440x1080"
total-annihilation-kingdoms,Total Annihilation: Kingdoms,ok,"igdb_id=11614 (Total Annihilation: Kingdoms), src_res=800x600"
total-war-shogun-ii,Total War: Shogun II,ok,"igdb_id=83518 (Total War: Shogun 2 - Saints and Heroes Unit Pack), src_res=1920x1080"
warcraft-iii-the-frozen-throne,Warcraft III: The Frozen Throne,ok,"igdb_id=133 (Warcraft III: The Frozen Throne), src_res=640x480"
warhammer-40000-dawn-of-war,"Warhammer 40,000: Dawn of War",ok,"igdb_id=257 (Warhammer 40,000: Dawn of War), src_res=800x600"
z,Z,ok,"igdb_id=288327 (Pokémon Legends: Z-A), src_res=1920x1080"
age-of-empires-iv,Age of Empires IV,ok,"igdb_id=55029 (Age of Empires IV), src_res=940x530"
